semi skimmed milk,9744
dairy,223853
milk,153178
sugar,350447
added sugar,397133
disaccharide,359007
lactic ferments,44341
ferment,56378
microbial culture,49041
vitamins,35035
vitamin d,19822
l leucine,121
l isoleucine,192
l valine,188
shiitake,1564
mushroom,9829
extract,1755
natural artificial flavouring,30990
flavouring,284351
natural flavouring,186100
artificial flavouring,50409
soluble corn fiber,1257
cereal,218605
corn,45577
corn fiber,1436
fruit,167807
antioxidant,47762
colour,97288
tomato,61505
vegetable,224766
mayonnaise,2553
sauce,22390
colza oil,27124
oil fat,285063
vegetable oil fat,264698
rapeseed oil,68286
water,295594
egg yolk,18480
egg,91593
vinegar,71072
mustard,23421
condiment,148978
spice,155704
salt,418337
dextrose,74373
monosaccharide,151007
glucose,140811
stabiliser,40554
preservative,89690
mustard seed,13581
turmeric,21619
corn starch,82339
starch,165924
cocoa,86569
yeast,80410
gluten,29890
deactivated yeast,1101
wheat flour,149244
flour,178563
wheat,172609
cereal flour,144226
pasteurised milk,25767
coagulant,1588
rye flour,4808
sugar syrup,11043
wheat gluten,20481
sourdough,3714
dough,13740
raising agent,43291
fructose,48167
flour treatment agent,10584
enzyme,53827
filling,6764
salad,4696
mg,212
rye,4024
atlantic salmon,1994
fish,21203
oily fish,9435
salmon,4062
mint,4585
herb,78237
lemon juice,35958
fruit juice,68113
banana,6873
vegetable oil,185590
natural banana flavouring,247
coconut oil,19775
corn oil,5791
palm oil,55398
palm oil fat,64210
peanut,19451
nut,67654
rice flour,25646
rice,48771
tapioca,18124
soy sauce,9643
potato starch,27836
soya bean,33266
legume,60314
soya,49851
eu,101
basil,14617
olive oil,30133
wholemeal flour,14512
corn flour,14506
durum wheat semolina,15102
durum wheat,16609
semolina,18783
flax seed,7234
seed,87172
flax,8072
sesame seeds,8542
sesame,14615
echine porc,112
animal,50785
meat,32913
pork,36575
pork meat,24457
corn dextrose,1179
fennel,2544
root vegetable,179643
malted wheat flour,3684
acid,49445
modified tapioca starch,4046
modified starch,77724
bone,938
chicken fillet,1759
poultry,26648
chicken,18671
chicken meat,9770
hazelnut,14605
tree nut,51761
cashew nuts,8646
sunflower oil,71921
sea salt,58144
oat flakes,12238
oat,26593
grape,21025
canola oil,29295
sunflower seed,7981
plant,74198
sunflower,18625
almond,27881
natural vitamin e,376
long grain white rice,278
long grain rice,2438
white rice,1086
evaporated cane juice,1659
hemp seed,731
cocoa paste,42206
unrefined cane sugar,6148
cane sugar,40376
unrefined sugar,6632
cocoa butter,54168
ground vanilla beans,427
vanilla,30386
vanilla pod,3503
roasted peanuts,2404
sesame sticks,178
sa,140
beetroot powder,1836
beetroot,8315
brown rice syrup,2737
rice syrup,4708
paprika,23575
onion,99040
garlic powder,27461
garlic,95694
golden flax seeds,486
pumpkin seed,3719
pumpkin,7269
tamari,981
cayenne pepper,5014
honey,26060
raisin,8033
walnut,5591
wheat germ,1664
molasses,14505
cinnamon,16447
cranberry,7483
dark chocolate chunks,1072
chocolate,36140
dark chocolate,8478
peanut paste,3240
pineapple,10222
papaya,1368
dry roasted almonds,860
cherry,7358
blueberry,8066
berries,33355
sugarcane juice,229
sugarcane,628
soya lecithin,78530
natural vanilla,952
safflower,3875
emulsifier,80545
quinoa,5058
mango,7489
oat bran,1378
coconut,21021
cheddar,10787
cheese,42974
maltodextrins,43286
skimmed milk,37378
whey,50149
cultured pasteurized milk,2904
malted barley,18409
malt,24338
carrageenan gum,340
brown rice flour,3449
rice bran,842
grain oat flakes,4606
cornmeal,4818
freeze dried raspberries,279
raspberry,10690
dried raspberries,429
black pepper,19188
pepper,49210
torula yeast,2353
spice extract,9301
horseradish,1524
yeast extract,28916
parsley,24739
red quinoa,863
dark chocolate coating,150
semi sweet chocolate chips,699
apple,31222
coconut chips,245
maple syrup,2273
vanilla extract,15027
black beans,1930
almond butter,737
turbinado sugar,728
safflower oil,1996
spirulina,2826
natural lime flavouring,664
milk chocolate,11009
lactose,23793
barley malt extract,9898
vanilla flavouring,17681
chickpea,6317
green split pea,198
pea,8501
split pea,409
yellow split peas,103
mung bean,589
lima bean,549
,13572
milled cane sugar,324
cardamom,2656
fennel seed,827
fenugreek seed,283
fenugreek,1959
nutmeg,7595
canola safflower sunflower oil,106
canola,9301
rapeseed,13950
date,3992
barley malt syrup,891
syrup,5810
vegetable glycerin,1441
semolina flour,344
spinach powder,929
spinach,8926
tomato powder,6597
egg pasta,162
pasta,4785
parmesan,6930
soya oil,43396
egg white,18282
thiamine,1536
iron,61453
minerals,84040
folic acid,58475
folate,57890
triticale,587
barley,24929
brown rice,4255
buttermilk,10817
monocalcium phosphate,144
refined wheat flour,102
thiamin mononitrate,49441
thiamin,61348
wholemeal spelt flour,604
spelt flour,1771
acai berry,500
coating,16581
non gmo canola oil,576
sucrose,4450
wheat starch,18125
hydrolysed corn protein,2048
protein,55442
vegetable protein,22596
hydrolysed vegetable protein,17862
natural smoke flavouring,3900
pecan nut,4861
brazil nut,1007
milk powder,81276
apricot,5708
oat flour,5109
alcohol,22051
preserve freshness,3620
aspergillus oryzae,377
koji,851
lentils,3744
carrot,39764
herbs spices,5449
fig,2217
stone ground wheat flour,151
pear juice,1857
pear,6296
cultured whey,645
lecithin,132
chocolate chunk,3219
fractionated palm kernel oil,1080
palm kernel oil fat,16824
palm kernel oil,15625
peanut flour,1635
milk chocolate coating,168
whey powder,16645
glucose syrup,40995
pretzels,764
barley malt flour,17163
barley flour,18528
reduced iron,33041
yogurt coating,331
skimmed milk powder,42094
yogurt,6088
khorasan wheat,139
bulgur,1224
barley flakes,1098
rye flakes,807
grain corn,299
millet,2744
popcorn,2121
wheat bran,4489
arborio rice,136
rice italy,257
black eyed pea,169
basmati rice,1206
wild rice,529
brown flax seeds,1017
vanillin,7612
fortified wheat flour,16759
anti caking agent,9667
white chocolate,2763
butter,38248
palm fat,10631
cocoa powder,26199
partially inverted sugar syrup,298
invert sugar,15264
invert sugar syrup,8593
oatmeal,346
ginger,14277
ginger powder,1081
free range eggs,1190
orange zest,3802
citrus fruit,34247
orange,16220
lemon peel,2411
lemon,15608
acidity regulator,34114
butterfat,13606
fat,41774
milkfat,24641
sweetener,13444
sunflower lecithin,16125
carbonated water,11264
pistachio nuts,2773
plum,2192
apple juice,10561
riz precuit,206
turkey meat,4107
turkey,5752
modified corn starch,36870
white wine extract,454
wine,10669
white wine,5884
sulfite,6248
ingredients,8224
lettuce,2488
vinaigrette,197
crouton,338
concentrated lemon juice,20019
anchovy paste,316
anchovy,3025
glucose fructose,775
caraway,1734
rye sourdough,621
brown sugar,14792
liquid egg,1237
modified milk ingredients,813
egg powder,1373
poudre pate,112
corn syrup,65171
mono et diglycerides,202
hydrogenated vegetable fat,1132
hydrogenated fat,1345
vegetable fat,17815
milk proteins,30598
animal protein,31259
gelling agent,15940
modified potato starch,5330
glucose fructose syrup,39001
plant concentrates,330
elderberry juice concentrate,1057
elder,3266
elderberry,2359
elderberry juice,1273
spirulina concentrate,980
red grape,374
blackcurrant,3929
dried apple,1286
glazing agent,5434
concentre,383
sweet potato,2851
radish,1888
skipjack tuna,815
tuna,3467
bonite,848
extra virgin olive oil,16512
virgin olive oil,17435
rennet,12234
coagulating enzyme,15096
artichoke,1276
green lentils,870
high fructose corn syrup,23827
foaming agent,182
shea butter,3878
fat reduced cocoa powder,12200
hazelnut paste,2513
rapeseed lecithin,1229
sodium citrate,18653
sodium,21149
crust,2594
mollusc,4051
shellfish,9538
crustacean,6530
substances laitieres,238
ham,6045
vegetable broth,2211
broth,12644
black tea,2406
tea,6724
denree alimentaire colorante,1032
safflower concentrate,568
apple extract,441
fruit extract,1157
bitter almond,125
ii,226
salt guerande,2993
natural vanilla flavouring,14701
el,182
illipe oil,133
humectant,7165
thickener,35256
storage instructions,115
stabilisator,254
dry place,422
fr,332
colorant,122
b carotene,148
natural vanilla extract,2027
almonds,534
fleur sel,877
energie,665
energy,331
red wine,1265
cream,56451
cream cheese,2621
solids,205
pasteurized milk cream,1906
su,106
retinyl palmitate,16316
vitamin,22085
distilled vinegar,14514
unsalted butter,1704
sour cream,3722
soya flour,10252
semisweet chocolate chunks,156
dairy whey,230
dough improver,113
cultured dextrose,1653
pastry,233
non hydrogenated palm oil,474
modified,151
marzipan,170
noisettes decortiquees,315
cacao en poudre fortement degraisse,367
coffee,7077
palm,13270
sultana,557
demerara sugar,369
cider,460
rum,1512
glace cherry,143
currants,315
single cream,969
sherry,502
liqueur wine,1698
brandy,521
golden syrup,644
mixed spices,1235
lemon oil,2345
orange essential oil,916
essential oil,2077
coriander,13171
clove,5211
cognac,728
lactose milk proteins,2949
dont,124
caffeine,4040
natural extract,218
alcohol vinegar,8420
grape seed oil,142
pasteurised egg yolk,590
lime,2554
fiber,20669
kcal,237
apple juice concentrate,2123
concentrated apple juice,3603
blackcurrant juice concentrate,152
citric,448
vegetable extract,406
huile tournesol,342
blackberry,2688
goji,655
noisettes,127
farine riz,132
wheat flakes,2716
cellulose fiber,196
monoglycerides,5393
cholecalciferol,10880
white cabbage,1124
cabbage,7256
beef meat,6497
beef,19147
iodised salt,9378
white pepper,6805
chili pepper,31820
peach,6638
saithe,430
white fish,3811
salmon fillet,146
potato,29131
modified wheat starch,1077
pepper extract,896
powdered egg,1694
tarwebloem,165
zonnebloemolie,151
zout,749
specerijen,105
melk,293
bay leaf,4272
emmental,3715
fresh cream,6951
comte,386
france,848
potato flakes,3512
grey pepper,100
potato powder,1348
cassava,753
zucchero,443
stabilisatoren,133
agua,1019
levadura,165
sal yodada,138
aceite girasol,175
dextrosa,176
azucar,1165
pro,120
wholemeal rye flour,932
sal tree,1542
raspberry juice,1198
raspberry puree,1955
puree,11472
biscuit,1222
jus betterave rouge concentre,385
red beetroot,2500
red beetroot juice,733
bourbon vanilla beans,281
bourbon vanilla,1734
carob seed flour,6529
carob seeds,7584
cow s milk,10164
petit epeautre,119
spelt,1973
yellow carrot,457
pate feuilletee,329
scallop,678
shallot,4754
leek,7117
monosodique,107
enhancer,341
tomato concentrate,23587
soft white cheese,1600
microbial rennet,1972
vegetarian rennet,2190
parsnip,1492
oregano,10703
marjoram,1867
nutmeg nut,1682
pre fried onions,768
fromage blanc,1095
ingredientes,2350
huevo,118
creme patissiere,182
powdered almonds,924
bread crumbs,7694
tomato puree,13838
green bell pepper,4404
bell pepper,29195
red bell pepper,18766
garlic puree,3288
lemon juice concentrate,3637
lemon powder,894
paprika powder,584
coriander leaf,4696
cumin,7787
celery,20367
hops,4259
cauliflower,2396
acqua,336
spices spices extracts,256
vitamine bi,108
lemon extract,981
food acid,802
whey protein,8408
free range chicken eggs,623
chicken egg,1282
vegetable fiber,18833
camomile flower,103
camomile,588
peppermint,2057
roselle flower,1764
natural apple flavouring,425
green tea,3578
vegetable mono diglycerides,886
soy lecithin,684
potassium sorbate,515
citric acid,980
vitamin palmitate,122
beta carotene,161
soy,437
vitamin e,9399
color,123
dl alpha tocopheryl acetate,1122
cooked beef meat,582
flavour enhancer,8491
turnip,1032
savoy cabbage,626
vermicelli,382
bamboo shoot,458
bamboo,736
wheat semolina,1173
bran,218
rye meal,198
caraway seed,539
spring onion,3115
puree pommes concentree,217
apple puree,3837
fat reduced cocoa,3103
powdered egg white,3658
skimmed yogurt,628
natural lemon flavouring,2644
calcium,3074
natural ginger flavouring,151
sprouted wheat,108
filtered water,11807
germinated brown rice,105
germinated rice,114
matiere grasse lait anhydre,1695
proteins mix,161
soy protein,15026
wheat protein,3912
ferrous sulfate,8986
cottonseed,5742
ada,128
cane sugar syrup,1425
sodium benzoate preservative,543
soy protein isolate,4894
calcium caseinate,1127
caseinate,6689
magnesium,860
sodium chloride,1984
zinc oxide,4472
zinc,8337
d pantothenate calcium,425
pantothenic acid,7025
manganese,1823
cyanocobalamin,3934
copper,1142
potassium iodide,2417
iodine,2723
sodium selenite,1463
selenium,2036
biotin,4130
sodium caseinate,5763
lait ecreme reconstitue,976
mascarpone,781
instant coffee,1430
marsala wine,250
barn eggs,1220
algae extract,379
algae,3276
caramelised sugar syrup,1345
caramel syrup,2005
cocoa solids,1022
milk solids,2712
mozzarella,7722
tomato pulp,1392
chopped tomatoes,4020
fresh egg,4661
natural orange flavouring,2037
sweetened condensed milk,4094
condensed milk,6967
cocoa processed alkali,5427
reduced minerals whey,133
celery seed,2059
garlic salt,333
liquid smoke,371
smoke,3813
fruits confits,160
watermelon,675
melon,1272
sweet cherry,202
pour,243
gum base,1864
vitamin c,15527
citrus fruit extract,188
d alpha tocopheryl acetate,1216
natural colours,2843
red fruits,489
best,653
brown cane sugar,477
hydrolysed soy protein,3265
anti caking,315
inulin,4339
oat fibre,3076
decaffeinated coffee,105
phylloquinone,897
vitamin k,1556
pyridoxine hydrochloride,8988
thiamin hydrochloride,1876
iron fumarate,925
chromium chloride,922
chromium,1186
pomegranate,1497
lactase,1549
processed alkali,7956
cottonseed oil,5044
snow pea,599
blanc d oeuf frais,168
cep,1310
olives,6149
capers,1554
courgette,5156
onions,130
opened,159
crushed tomato,1961
aubergine,2316
lemon pulp,591
pineapple fibre,208
light tuna,270
hot sauce,928
lime juice,5308
red rice,285
white beans,2060
aged red peppers,123
buckwheat flour,1605
buckwheat,3320
millet flour,399
icing sugar,3459
rice starch,6896
soy lecithin emulsifier,659
semi sweet chocolate,636
cocoa paste processed alkali,509
vanillin artificial flavor,119
cherry juice,962
bittersweet chocolate,254
chocolate processed alkali,659
malt extract,2618
glycerol monostearate,276
reduced mineral whey powder,374
confectioner s glaze,4470
macadamia nut,988
caramel filling,180
hydrogenated vegetable oil,3681
oil,6310
hydrogenated oil,3666
partially hydrogenated palm oil,430
hydrogenated palm oil,1495
gherkin,1768
cucumber,6712
tarragon,855
blueberry juice,512
strawberry juice concentrate,1402
strawberry,15160
strawberry juice,1387
stevia,1032
green leaf,155
brussels sprouts,423
puffed rice,1132
cider vinegar,5438
pomegranate juice,895
natural caramel flavouring,297
natural mango flavouring,158
black carrot juice,1050
black carrot,2164
natural blueberry flavouring,264
soy mono diglycerides,138
grape juice,4725
concentrated juice,369
guava,1156
white grape juice,1099
corn syrup solids,9302
confectioners glaze,1066
hydrogenated palm kernel oil,2380
dried apricots,689
yogurt flavored coating,217
tapioca dextrin,2224
nonfat yogurt powder,230
dried cane syrup,1572
beetroot juice concentrate,628
beetroot juice,1562
concentrate,384
aniseed,1374
star anise,730
retain moisture,1026
nectarine,116
coconut water,1325
lard,1117
animal fat,12148
pork fat,4574
turkey breast,1839
creamer,344
dehydrated potato flakes,269
chicken broth,4653
poultry broth,5336
dehydrated onion,13412
silicon dioxide,177
hydrolyzed corn soy protein,333
rendered chicken fat,363
milk derivative,1472
sweet whey,2489
hydrolyzed corn,334
cheese powder,1481
buttermilk solids,928
freeze dried strawberries,383
dutched cocoa,157
baking powder,6370
partially hydrogenated soybean cottonseed oil,627
partially hydrogenated soybean oil,2990
textured vegetable protein,957
textured soy flour,469
autolyzed yeast extract,3895
thiamine hydrochloride,1065
yellow corn meal,494
refinery syrup,311
cake,579
broccoli,3923
chicken flavouring,1109
chicken fat,4433
poultry fat,6012
vital wheat gluten,2615
baker s yeast,2392
pasteurised cow s milk,5780
sheeps milk,1892
pasteurised goat milk,1155
goat milk,2273
xanthan gum guar gum,765
peach puree,879
strawberry puree,2652
poppyseed,2048
poppy,2344
broad bean flour,1073
reconstituted skimmed milk,1705
emulsifying salts,2479
jalapeno,9537
cane invert syrup,409
graham flour,880
tomato juice,5974
red green bell peppers,996
duck foie gras,1549
duck,2785
duck liver,1721
armagnac,985
duck meat,908
poultry meat,1356
duck fat,1318
gorge porc,603
garlic paste,809
rehydrated garlic,113
ail seche,917
dijon mustard,3720
fruit pectin,5245
tamarind,3110
disodium edta,707
dehydrated pork broth,157
os et viande porc,182
carottes rapees,181
peppermint flavouring,232
menthol,589
beef gelatin,1289
milk chocolate contains cocoa solids,149
desiccated coconut,926
almonds pieces,236
orange flavouring,266
conservateur,185
eau,1677
huile colza,172
moutarde,119
sel,2148
aromes,240
passionfruit,3041
cherry tomato,1089
pecorino romano,497
pecorino,722
weichweizenmehl,1528
animal based rennet,1198
pencillium roqueforti,156
penicillium,285
pain mie complet,198
bread,3114
breadmeal,408
hard boiled egg,280
boiled egg,338
jaune d oeuf frais,335
wheat tortilla,222
tortilla,923
smoked salmon,547
black olive,2371
pesto,165
en poudre,390
pine nuts,1242
wheat fiber,2608
grana padano,860
cow cheese,2108
fried onion,902
smoked bacon,240
bacon,4559
arome naturel romarin,104
boston butt,100
sei,105
herbes provence,1421
sucre,2029
sirop glucose,345
champignon,2628
dandelion,127
goat cheese,1029
corn masa flour,334
trace lime,494
natural garlic flavouring,697
trans fat,186
beans,1169
water chestnut,640
liquid pasteurised egg,158
pea protein isolate,517
plant protein,3952
pea protein,5024
harina trigo,395
cebolla,121
maltodextrina,267
farine ble,460
levure,251
emulsifiant,387
aromes naturels,162
acidifiant,249
beurre,224
arome naturel,414
acide citrique,621
acide lactique,102
whey permeate,895
millet seed,382
blanc,175
noir,130
pink peppercorn,479
vert,122
green bean,4642
chives,4891
raw cow s milk,1032
raw milk,1781
refined olive oil,145
duck breast,136
walnut kernel,328
margarine,6598
colorante artificial,120
sodium bicarbonate,239
rosemary extract freshness,153
mustard oil,188
oleoresin paprika,3265
oleoresin turmeric,349
wheat malt,1968
red onion,1717
puree tomate mi reduite,628
ail,232
ble,284
acide ascorbique,169
vinaigre,148
epices,326
antioxydant,206
tomatillo,221
green chili pepper,1916
onion puree,389
grilled aubergines,401
gluten free oat flour,278
milk protein concentrate,2701
extrait levure,149
melange salades,291
red cabbage,1059
piment doux,492
pre cooked durum wheat,230
coconut sugar,1398
palm sugar,1493
green tea extract,934
d calcium pantothenate,878
ensure freshness,105
orange juice,7276
pineapple juice,3991
peach juice,373
yellow,336
lime juice concentrate,1966
energia,262
chlorella,184
certified,144
hydrolysed pea protein,365
cellulose gel,1855
contains,2121
natural mineral water,1564
mineral water,2005
almond skin,123
dried fig,475
bourbon vanilla powder,143
vanilla powder,1032
tomato sauce,1890
grated emmental cheese,620
poids net,575
wine vinegar,7037
broad bean,669
hard cheese,560
microbial coagulating enzyme,2406
psyllium,1343
royal jelly,138
red lentil flour,151
red lentils,928
casing,1817
natural casing,355
collagen,2627
cocoa bean,1896
chicory root,998
chicory,4016
lightly salted butter,179
soybean,481
cultured wheat flour,1352
yeast nutrients,791
ethoxylated mono diglycerides,924
cod,1769
candied orange peel,803
breadcrumbs,656
red chili pepper,3075
corn sugar,183
yeast nutrient,169
red wine vinegar,2167
rocket,1097
oignons,110
palme,132
shrimp,4252
phosphate,468
hake,352
gorgonzola,388
sucres,260
sel mer,128
wafer,1045
spaghetti,223
crushed peeled tomato,668
double concentrated tomato,1867
rosemary,5169
thyme,8044
mixed condiments,1251
protect quality,873
chocolate pieces,1566
cocoa mass cocoa butter,136
stabilisant,136
lait ecreme en poudre,135
pate cacao,218
poudres lever,109
emulsifiants,107
arome,491
pea flour,358
epices moulues,100
cracked black pepper,361
mace,1166
chipotle,2217
natural mesquite smoke flavor,125
celery powder,1241
mango puree,2411
cane vinegar,116
habanero chili,1102
tel,455
powder,451
aged red cayenne peppers,141
strawberry filling,226
butter flavouring,656
ngredients,549
xanthan gum,353
turkey thigh,208
marinade,374
orange juice concentrate,1597
toppings,441
low moisture mozzarella,2237
cooked italian sausage,249
yellow bell pepper,1351
green pepper,1724
romano cheese,3127
lactic acid starter culture,2666
soured milk,4119
brown sugar syrup,1397
coconut fat,1976
cocoa liquor,599
hydrolyzed soy corn protein,387
dehydrated,157
peanut oil,3851
anti foaming agent,396
butteroil,298
dehydrated glucose syrup,1389
chocolate coating,284
manufactured,187
frozen,107
caramel sauce,209
tapioca syrup,3050
chickpea flour,1355
conservation,529
fer,117
lait,579
black tea extract,452
trockenhefe,218
couleur,108
mint flavouring,988
dried tomatoes,1246
herb extract,775
capsicum extract,126
dried oregano,381
maltodextrine,247
sweet whey powder,1934
partially hydrogenated vegetable fat,458
ascorbic acid,460
carrot extract,645
glaze,501
bourbon vanilla extract,730
pasteurized skimmed milk,1615
oeufs,116
poudre lever,122
grapefruit juice,578
grapefruit,1645
lemon flavouring,667
wheat dextrose,1487
wheat glucose fructose syrup,311
concentrated orange juice,1275
cassia,210
iceberg lettuce,393
sweetcorn,673
radicchio,733
cooked rice,1248
avocado,979
beurre cuisine,150
jus tomate partir concentre,269
garden peas,2666
green peas,3743
fresh eggs,877
creme fraiche,413
correcteur d acidite,111
colza,101
chia seed,2627
chia,3167
chestnut,1147
ferric orthophosphate,2907
chocolate powder,1804
smoke flavouring,6156
pork belly,285
sage,1707
calvados,144
pork rind,749
modified rice starch,737
skim cow s milk,287
spirit vinegar,5117
maltodextrind,2744
white chicken,135
cholesterol,221
fruit juice concentrate,2904
fruit concentrates,1153
kiwi,1303
chokeberry,829
elderberry extract,306
charbon,341
lemon zest,968
spring water,1954
fruit blend,137
chicory fibre,1936
white distilled vinegar,2634
white vinegar,4414
mustard bran,251
aged cayenne red peppers,395
carrot fiber,254
red jalapeno peppers,299
molybdenum,920
manganese sulfate,1250
sodium molybdate,887
chromium picolinate,107
artificial natural flavors,1063
quinoa seeds,148
teriyaki sauce,196
chicken breast,1973
balsamic vinegar,2353
paprika doux,185
allspice,1376
rice bran oil,673
acacia fibre,376
honey roasted peanuts,193
marshmallow,728
natural honey flavouring,146
liquid sugar,1293
mature cheddar,171
peppermint oil,1166
apricot kernels,325
sugars,342
salad dressing,244
caesar dressing,125
worcestershire sauce,1633
pasteurized semi skimmed milk,4271
agave syrup,2603
lt,584
orange extract,446
spices,834
ergocalciferol,1941
haut cuisse poulet,150
pork breast,1732
breast,1801
extrait poulet,136
coconut cream,1232
lemongrass,1953
thai basil,145
galangal,674
pectin,144
baby corn,114
red chili puree,218
coconut milk,3145
australia,117
date paste,522
sunflower seed butter,132
vitamins minerals,106
baking soda,144
white wine vinegar,2797
mushroom powder,438
cultured pasteurized nonfat milk,545
fd,317
cultured pasteurized grade milk,313
cumin seeds,1067
garam masala,195
sweet paprika,149
caramelised sugar,2333
muesli,783
black mustard seed,109
chicken bone,282
seaweed,2254
celeriac,1070
pepites chocolat au lait,217
fresh onions,691
herring,601
yellow mustard seed,192
dill,2666
onion extract,727
egg yolk powder,1550
concentrated tomato puree,289
fenugreek leaf,167
kaffir lime peel,164
kaffir lime,500
coconut milk powder,589
thai rice,464
corn protein,125
fructose syrup,967
beef fat,1722
di,204
cultured wheat starch,704
edamame,509
kale,2150
carrot puree,487
liquorice root,430
liquorice,1858
natural,486
retains product freshness,124
aloe vera,592
caprylic,190
capric triglyceride,166
cetearyl alcohol,299
wholemeal oat,2370
cracked wheat,643
grains,205
black sesame seeds,266
blue poppy seed,121
black quinoa,110
sorghum flour,871
sorghum,1125
strawberry flavouring,949
raspberry flavouring,227
parboiled long grain rice,741
parboiled rice,1190
rice noodles,220
noodle,1569
fish sauce,840
muscovado,137
beef broth,1885
legume deshydrate,639
firming agent,2796
sweet corn,257
fish stock,137
dried vegetables,337
savory,838
piquillo pepper,183
smoked salt,297
jalapeno pepper,438
freshness,811
praline,539
cereal crispies,305
eclats noisettes,344
curry,2438
sesame oil,3725
free range egg yolk,445
niacina,230
riboflavina,203
acido folico,218
vitamina c,118
hydrogenated soy oil,1280
flaked almonds,370
mild cheddar,199
enrichment,245
icing,420
topping,681
cultured pasteurized milk cream,135
aloe vera juice,177
oyster,418
pak choi,149
rice vinegar,1842
swiss cheese,589
half half,374
cultured skim milk,1261
monterey jack,1644
kosher salt,895
durum wheat flour,3148
milled wheat,111
ricotta,2636
asiago,1029
natural stabilizer,127
mixed cheese,603
evaporated cane syrup,865
butternut squash,733
modified cellulose,611
cultured pasteurized milk skim milk,122
gluten free flour,230
potato flour,2733
white cheddar,525
cooked shrimp,170
crab meat,111
green olives,1880
artichoke heart,480
fontina,266
portabella mushrooms,114
shrimp powder,156
pasteurized cultured milk cream,556
hummus,122
tahini,1503
sesame paste,2014
mackerel,952
atlantic mackerel,187
yeast powder,458
papain,194
malt syrup,969
riz basmati cuit,149
cinnamon powder,550
blue cheese,1478
salt enzymes,228
non gmo corn starch,340
partially hydrogenated vegetable oil,1405
cultured buttermilk,294
beta carotene color,775
cultured nonfat milk,913
fractionated palm oil,643
spice blend,287
propylene glycol mono diesters fats fatty acids,389
sorbic acid preservative,404
potassium sorbate preservative,620
titanium dioxide color,404
hydrogenated cottonseed oil,838
propylene glycol mono diesters,116
partially hydrogenated soybean cottonseed oils,556
partially hydrogenated soybean,132
propylene glycol mono diesters fatty acids,367
artificial butter flavor,353
sweetened condensed skimmed milk,590
sparkling filtered water,103
pineapple juice concentrate,593
concentrated pineapple juice,835
stevia rebaudiana leaf extract,103
kombucha culture,229
pink grapefruit juice,206
pink grapefruit,284
monk fruit,191
monk fruit extract,785
natural raspberry flavouring,633
concentrated grape,953
balsamic vinegar modena,366
whipping cream,377
propellent gas,419
cocoa powder processed alkali,961
high oleic sunflower oil,3164
vitamin e acetate,815
copper gluconate,732
phytonadione,329
calcium pantothenate,2216
high maltose corn syrup,112
fructooligosaccharide,630
natural hickory smoke flavor,674
zinc gluconate,665
cultured whey protein concentrate,126
coffee powder,287
calcium d pantothenate,447
isomalto oligosaccharide,335
oligosaccharides,405
vitamin mineral blend,665
whey protein isolate,1990
soy fiber,402
pea fiber,1089
chocolate flavored coating,396
contain following,721
paprika color,178
wheat protein isolate,524
isomaltulose,175
milk protein isolate,1243
unsweetened chocolate processed alkali,224
protect freshness,210
soy crisps,262
natural flavor,478
protein blend,1160
pyridoxine hcl,278
soluble fibre,217
cocoa nibs,417
stevia extract,1106
fd c blue,345
guarana,885
pure maple syrup,286
light brown sugar,277
vegetable gum,488
weizenmehl,472
wasser,984
salz,792
hefe,206
acerola,1698
weizen,116
sardine,1545
mussel,783
cooking wine,112
clam,371
nougat,117
salted butter,1253
artificial vanilla flavor,289
sweet cream,579
evaporated milk,631
white coating,191
partially hydrogenated palm kernel oil,1118
partially hydrogenated cottonseed soybean oil,109
confectionery coating,302
maple sugar,543
natural maple flavor,113
apple flavouring,111
nonpareils,113
cookie,192
natural peppermint flavouring,202
pure vanilla extract,599
pretzel,184
niacin reduced iron,118
artificial coloring,324
palm palm kernel oil,1284
pasteurized sweet cream,242
bht freshness,601
vitamin b,259
cultured whey nonfat milk,148
unbleached,276
beef extract,866
vegetable juice,5399
double cream,195
moutarde l ancienne,432
pasteurized creme fraiche,239
raspberry jam,130
herring fillet,304
concentres,281
store cool dry place,195
pork sausage,406
streptococcus thermophilus,2812
lactobacillus bulgaricus,2660
lactobacillus acidophilus,2392
bifidobacterium lactis,494
tbhq freshness,425
dextrose maltodextrin,132
ammonium bicarbonate,111
disodium guanylate,197
small red beans,104
red beans,1695
fond porc,297
pork gelatin,1682
pork bone,516
pork product,1519
garlic extract,548
rutabaga,149
starter culture,518
artificial color,114
okra,245
guar,695
dutch cocoa,164
sour cherry,1032
alum,836
prepared mustard,156
splenda brand,204
calcium chloride,200
sodium benzoate,498
natural flavors,353
black peppercorns,243
pepperoncini,107
chloride,100
light cream,1013
tumeric,269
pimiento,992
hot chili peppers,888
guava puree,332
passion fruit juice,569
pear juice concentrate,430
pork liver,1524
bacon cured,133
flour blend,275
enzymes,442
celery juice,885
preserves freshness,491
origan deshydrate,112
colorante,250
contiene gluten,105
regulador acidez,120
mirin,460
palm vegetable oil kernel,247
strawberry pieces,162
dark sweet chocolate,117
crisp rice,914
natural coconut flavouring,389
coconut flavouring,544
vanilla seeds,405
turmeric color,331
citrus fibre,1387
bamboo fibre,686
natural mint flavouring,902
hazelnut praline,210
lychee,270
rose petals,221
pasta cacao,112
contiene,267
leche,235
raspberry powder,166
black currant,126
vine ripened tomatoes,189
watercress,262
cress,312
brown mustard seed,146
barley malt vinegar,219
malt vinegar,625
c p,116
mais,166
mica,146
dried banana,169
semisweet chocolate,787
tree nuts,287
modified palm oil,840
refrigerate,192
colour retention agent,1194
phenylketonurics,165
autolyzed yeast,701
chervil,451
wheat sourdough,926
rye bran,126
galette riz,184
gruyere,147
acerola juice,686
gluten free soy sauce,143
lime oil,667
rice wine,345
acidity,191
casein,605
bicarbonate,120
silicon dioxide added prevent caking,109
potassium,1024
pork skin,243
textured soy protein,310
en,434
tocopheryl acetate,388
triethanolamine,118
ethylhexylglycerin,183
carbomer,245
glycerin,447
tetrasodium edta,178
stearyl alcohol,111
phenoxyethanol,458
parfum,1090
benzyl alcohol,137
coumarin,176
cocos nucifera,145
cocamidopropyl betaine,332
helianthus annuus,105
fragrance,633
cetyl alcohol,230
butylene glycol,113
glyceryl stearate,221
paraffinum liquidum,133
caprylyl glycol,151
geraniol,266
limonene,569
yellow corn flour,3189
soft wheat flour,159
natural yeast,512
endive,532
buckwheat flakes,102
caramel flavouring,236
cockles,142
corn flakes,1154
hidratos carbono,119
added preserve freshness,654
apple pieces,559
rice extract,351
distilled monoglycerides,1168
roasted coffee,246
pumpkin seed kernels,103
contains following,4782
wax,127
methyl propyl parabens,123
caramel,130
tapioca flour,1671
cane sugar molasses,561
fruit vegetable juice color,412
carrot juice,2582
palm vegetable oils kernel,114
carob bean guar gums,157
alkalized,153
gum blend,335
carob bean,386
locust bean,279
lemon puree,639
raspberry filling,134
sprinkles,481
acacia,684
fd c red,516
blue,294
degerminated yellow corn flour,527
peanut butter cups,192
gum,231
vegetable gums,483
natural preservative,149
red,398
algin,133
carageenan,141
applesauce,115
granulated sugar,716
processing aid,749
dressing,390
hydrolyzed corn gluten,542
disodium inosinate guanylate,537
whiting,123
fish protein,210
xanthan carob bean guar gums,115
tilapia,285
celery salt,259
cheddar cheese sauce,179
aged cheddar cheese,125
crab,566
b vitamin,694
vegetable blend,805
yellow squash,148
spearmint,342
pork stock,400
pork heart,145
reduced lactose whey,600
vinegar powder,1074
evaporated cane sugar,1015
butter natural flavouring,1324
inactive yeast,241
dill weed,237
juniper berry,294
juniper,457
sat,247
ascorbic acid dough conditioner,116
guar gum,260
tri calcium phosphate,179
non dairy creamer,230
cooked pasta,894
potassium sorbate maintain freshness,120
important,109
chicken base,556
carmel color,105
vegetable base,300
silicone dioxide,162
arabica coffee,883
reduced protein whey,194
shea oil,237
resinous glaze,235
u s,172
liquorice extract,701
aniseed oil,127
soybean oil,528
fractionated coconut oil,178
dv,768
mono,348
diglycerides,241
whey protein concentrate,122
natural chocolate flavouring,136
calcium disodium edta added protect flavor,604
broccoli floret,239
pasteurized skim cow s milk,517
cage free eggs,412
white balsamic vinegar,282
cultured pasteurized skim milk,1085
pinto beans,1034
tomatillos,330
capsicum,228
minced beef,599
partially hydrogenated cottonseed oil,245
store cool,341
grade pasteurized milk,127
live active cultures,1087
fruits vegetables,568
duck wing,172
wax bean,183
kelp,526
boneless chicken breast rib meat,115
wrapper,205
soy sauce powder,979
soya bean paste,163
pear puree,970
sake,371
chicken breast rib meat,965
miso,474
following,453
condensed skimmed milk,2114
coffee beans,258
cured,819
yellow corn,574
white corn,506
lentil flour,334
corn maltodextrin,2179
cultured,137
vegetable color,2031
instant tea,269
glycerol ester rosin,401
fish oil,353
fresh parsley,150
serrano pepper,134
coconut flakes,570
sugared egg yolk,205
starter distillate,135
hydrogenated coconut oil,901
anhydrous dextrose,304
yeast food,102
calcium stearoyl lactylate,513
monoglycerides diglycerides,132
retard spoilage,706
white wheat flour,213
riboflavin folic acid,128
flax flour,241
ascorbic acid added dough conditioner,437
rebaudioside,376
grain vinegar,1229
interesterified soybean oil,655
calcium stearate,1096
dill seed,191
coriander seed,821
propylene glycol monostearate,282
acetylated monoglycerides,390
white rice flour,953
gluten free oat flakes,318
invert cane sugar,141
chicken liver,377
propylene glycol monoesters,520
ice cream,800
peanut cottonseed palm oil,106
caramel swirl,141
fully hydrogenated vegetable oils,252
cultured celery juice,131
mold inhibitor,1011
mononitrate,575
crystalline fructose,211
extractives turmeric paprika,122
filberts,359
extractives paprika turmeric,156
corn dextrin,234
dark brown sugar,267
red raspberries,504
canola soybean palm oil,228
contains phenylalanine,331
romaine lettuce,1147
palm oil shortening,302
partially hydrogenated coconut oil,194
diced tomatoes tomato juice,798
provolone,1045
grill flavor,344
natural artificial vanilla flavor,293
cucumber juice,250
kale juice,112
brown rice crisps,213
powdered cellulose added prevent caking,290
reverse osmosis water,108
dietary fiber,305
cookies,254
concentrated raspberry juice,140
orange pulp,605
artificial flavor,194
fudge swirl,164
modified soy protein,409
potato starch powdered cellulose added prevent caking,320
sour cream powder,403
enzyme modified butter,177
enriched macaroni product,665
ground coffee,671
ethyl vanillin,119
feta,826
dried basil,442
medium chain triglycerides,780
calcium propionate preservative,105
molasses powder,473
degermed yellow corn meal,384
caramel color,173
golden raisins,286
tomatoes tomato juice,101
sundried tomatoes,729
dried carrot,260
cheese seasoning,143
baby spinach,644
spring mix,157
mizuna,335
green romaine,160
tango,240
green oak,155
green chard,179
frisee,256
tatsoi,252
mache,107
red chard,211
red leaf,225
lolla rosa,152
red romaine,157
red mustard,142
red oak,184
bifidum,194
high oleic canola oil,692
taurine,1657
panax ginseng extract,143
guarana extract,410
ginseng,459
promote color retention,966
matcha,255
confectioner s sugar,160
truffle,545
lavender,375
food acids,314
chili pepper spices,109
greek yogurt,420
lactobacillus casei,1540
vegetable juice color,323
corn canola sunflower oil,101
low moisture skim mozzarella,1786
skim mozzarella,2140
pea starch,735
starter cultures,104
bitter orange,101
wheat syrup,651
grain corn flour,283
wholemeal barley flour,394
wholemeal oat flour,1706
american cheese,644
modified whey,599
animal rennet,136
natamycin protect flavor,177
pickle relish,108
source zinc,404
milled corn,410
cultured lowfat milk,174
alaska pollock,1372
red potatoes,163
poblano peppers,171
semolina wheat,102
bees wax,181
mica based pearlescent pigment,100
penne,207
dried spring onion,266
bacterial culture,1126
pork cured water,119
egg white lysozyme,203
honey coating,183
tack blend,132
garlic oil,432
cheese flavouring,347
virgin coconut oil,367
clarified butter,294
himalayan pink salt,530
himalayan salt,903
pink salt,589
cherry puree,178
cold brew coffee,176
soy milk,532
soy preparation,511
tofu,1326
white meat chicken,451
vegetable oil blend,598
tomatoes juice,157
kombucha,315
bacillus coagulans,171
juice,1505
gums,265
hydrolysed proteins,682
thickening,178
modified palm palm kernel oil,217
diacetyl tartaric acid esters mono diglycerides,315
lac resin,278
pork fillet,274
pork loin,413
tapioca maltodextrin,675
parmigiano reggiano,296
romano cheese cow s milk,412
dried garlic,330
protect color,709
annatto extract color,857
adds trivial fat,129
mono diglycerides,230
contain,747
gredients,124
nonfat yogurt,187
oligofructose,1181
dried,400
retain freshness,761
avocado oil,354
monoglyceride,154
white chicken meat,480
nisin preparation,412
cocoa alkali processed,106
natural cocoa,147
enriched egg noodles,256
cayenne pepper sauce,273
chicken white meat,218
grain blend,293
quinoa flour,709
heavy whipping cream,119
blackstrap molasses,181
chili paste,114
malt flour,358
liquid egg white,261
garlic flavouring,168
batter,334
breaded,268
nutritional yeast,527
lactobacillus,2993
blueberry flavouring,112
almondmilk,545
citric acid preservative,244
pepperoni,1037
salami,1245
broad bean protein,175
chicken breast meat rib meat,371
vegetable oil shortening,722
fig paste,248
rice maltodextrin,110
enzyme modified soy protein,156
prevents foam,208
turmeric powder,602
daily value,140
cracked rye,156
teff,327
cultured wheat,293
hard cooked eggs,169
potassium sorbate sodium benzoate added preservatives,145
calcium disodium edta protect flavor,557
contain sugar,128
croissant,149
chicken meat including natural chicken juices,119
chicken meat including chicken juices,231
hydrolysed,143
natural cheese flavouring,230
green,119
ranch dressing,119
potassium sorbate sodium benzoate preservatives,137
italian sausage,163
ketchup,619
crackers,114
dehydrated garlic onion,312
cottage cheese,109
macaroni,148
concentrated grape juice,530
panko bread crumbs,123
surimi,446
mandarin,1250
yellow onion,699
help protect flavor,181
pickles,195
cooked white meat chicken,167
green leaf lettuce,339
coated,273
sulfiting agents,115
grape tomatoes,240
kombu,140
gluten free flour blend,166
frosting,135
spices spice extractives,106
curry paste,235
sriracha sauce,116
bacon cured water,106
contain smoke flavoring,145
roasted tomatoes,209
yellow cornmeal,109
probiotic cultures,113
parmesan romano cheese blend,133
sodium carboxymethyl cellulose,134
artificial natural flavor,183
battered,149
milk mozzarella,359
red curry paste,130
colby cheese,270
modified waxy maize starch,332
waxy maize starch,557
milk chocolate chips,312
colored,667
bun,129
natural spices,743
clarified pineapple juice concentrate,130
chicken skin,547
poultry skin,822
meat ingredients,132
germ removed,102
hydroxylated soy lecithin,111
beef flavouring,392
kaffir lime leaf,200
shrimp paste,128
fish gelatine,173
black cherry,342
carob bean xanthan guar gums,399
colored annatto,198
propylene glycol monoester,262
carrageenan,321
quinine,333
rhubarb,572
pepper jack,172
oleoresin capsicum,123
edta,298
apple pulp,265
cultured pasteurized reduced fat milk,168
redients,117
thermophilus,114
annato,155
soy lecithin added emulsifier,155
apo carotenal,159
locust bean guar gums,140
sodium phosphate,100
sodium nitrite,148
white turkey,137
pasteurized process cheddar cheese,308
uncured bacon,107
red green jalapeno peppers,251
hickory smoke flavor,185
dehydrated chives,268
cultured sugar vinegar,107
natural peppermint oil,179
semolina wheat flour,346
chicken thigh,269
enzyme modified cheese,255
lobster,632
gouda,618
basil extract,125
paste,119
cooked chickpeas,737
turmeric oleoresin,461
summer truffle,206
dried cep,130
buffalo milk,219
potato fiber,524
prepared kidney beans,114
prepared white beans,228
added free flowing,156
concord grape,416
black grape,491
prepared pinto beans,318
prepared black beans,238
mandarin juice,251
sucralose,172
sodium benzoate potassium sorbate preservatives,149
carbohydrate gum,260
cultured sugar,181
serrano peppers,219
crimini mushrooms,140
prepared horseradish,102
pasteurized grade milk,144
includes oat bran,119
potato maltodextrin,636
soluble wheat fiber,156
refined palm oil,157
natural onion flavouring,312
onion flavouring,513
ch,122
black pepper extract,358
bbq seasoning,128
asparagus,977
sunflower safflower oil,129
reb,404
distilled water,138
electrolytes,120
boneless skinless chicken breast rib meat,194
dried goji berries,129
extractives paprika annatto,101
natural artificial butter flavor,135
salt substitute,128
almond meal,116
paprika extract color,309
contains following oils,266
cheese sauce,517
cheese sauce mix,200
strained yogurt,124
bifidus,2442
sodium saccharin,282
degerminated yellow corn meal,404
mozzarella cheese blend,103
rennet casein,231
enrichment blend,102
imitation mozzarella cheese,211
mozzarella cheese substitute,145
includes milk,171
white mineral oil,564
white quinoa,553
cannellini beans,163
pineapple sectors,164
halved cherries artificially colored red carmine,175
grape skin extract,139
white,129
corn tortilla,116
monodiglycerides,383
pasteurized process american cheese,231
barbecue sauce,124
www,570
chicken wing sections,105
green jalapeno peppers,255
textured wheat protein,236
annatto,175
palm palm kernel oil tbhq freshness,108
hydrolyzed wheat protein,216
potato protein,358
rice protein,1435
sodium calcium stearoyl lactylate,104
powdered cellulose prevent caking,234
hydrogenated soybean cottonseed oil,138
white corn flour,369
textured soy protein concentrate,289
breading set vegetable oil,413
grain barley flakes,170
wholemeal barley,287
live active yogurt cultures,156
ripe olives,386
dark chocolate flavored coating,153
chicory root inulin,120
natural almond flavouring,208
precooked yellow corn meal,214
white grape,365
peach juice concentrate,126
kalamata olive,434
pineapple segments,237
turmeric oleoresin color,122
enriched macaroni,194
zinc sulfate,1707
spread,243
mango flavouring,119
hydrolyzed collagen,209
prune,1126
pink salmon,263
retinyl acetate,932
white tuna,166
cultured pasteurized grade nonfat milk,728
black truffle,131
brown rice crisp,197
almond flour,626
neufchatel cheese,151
bacon fat,143
mushroom extract,257
brown long grain rice,324
hydrolyzed wheat gluten,261
gravy,147
peanut canola cottonseed oil,222
apple pectin,205
enzyme modified romano cheese,119
meatball,321
enzyme modified cheddar cheese,153
redcurrant,979
enriched,190
green chilies,212
inositol,988
preserve color,384
dried malt extract,101
fresh tomatoes,261
maize bran,245
rooibos,405
naturally derived citric acid,369
dark sweet cherries,116
beer,655
bbq sauce,208
cake base,114
sausage,397
vodka,301
blood orange,384
borlotti bean,178
amaranth flour,273
confectioners sugar,229
penicillium roqueforti,164
arrowroot,345
wild blueberry,356
contains live active cultures,314
natural strawberry flavouring,590
peeled tomatoes,571
isolated soy protein product,194
pepper sauce,131
aged cayenne peppers,207
white onion,286
anticaking,290
wasabi,506
chocolate filling,213
natural vanilla flavor natural flavors,136
natural extractives paprika,126
vegetable monoglycerides,321
colored beta carotene,302
high oleic safflower oil,241
gum tragacanth,251
vegetable enzymes,176
mixed fruit,213
pyridoxine,117
ground almonds,442
waffle,132
cashew butter,286
vanilla ice cream,105
coconut flour,444
raisin paste,419
non nutritive sweetener,158
albacore,265
high oleic soybean oil,181
hydrolyzed soy,231
couscous,323
truffle flavouring,129
cassava flour,268
olive,459
rose hip,705
nondairy creamer,111
garlic onion powder,194
quot,458
pholiota,165
edam,809
preservatives,142
red yellow peppers,201
chili puree,232
vegetable concentrate,632
pizza sauce,176
salsa,137
diced tomatoes juice,314
grade milk,236
grade cream,143
grapefruit flavouring,168
lactobacillus rhamnosus,416
oil blend,209
barbecue seasoning,110
breading,143
grain rolled wheat,266
refined sunflower oil,454
milk ricotta cheese,141
lime flavouring,114
special bread,442
non sticking agent,112
l cysteine monohydrochloride,126
squash,134
pepitas,396
expeller pressed canola oil safflower oil sunflower oil,168
taro,125
baby kale,104
chard,563
asadero cheese,154
bacon bits,134
sockeye salmon,227
beef heart,140
isolated oat product,121
cultured celery juice powder,149
sugar alcohol,109
retain color,208
cocamide mea,104
caution,144
sodium laureth sulfate,268
hydrated silica,131
methylisothiazolinone,120
acrylates,135
citronellol,288
hexyl cinnamal,239
linalool,484
directions,118
benzyl salicylate,185
ou,108
butyrospermum parkii,109
lecithine soja,315
huile canola,110
lactic acid,292
calcium disodium edta,116
acetate,115
idaho potatoes,142
natural cheddar flavouring,150
tells nutrient serving food contributes daily diet,168
es,213
nonfat dried milk,108
cane beet sugar,133
bacterial cultures,151
soymilk,205
natural chicken flavouring,165
potassium sorbate calcium disodium edta preservatives,102
sauerkraut,344
grade whey,116
beef base,215
queen olives,102
manzanilla olive,300
stabilize color,187
locust bean gum,102
rapeseed vegetable oils,521
chokeberry juice,208
palm olein,476
cottonseed canola soybean,107
cheddar cheese flavor,107
b vitamins,1037
mineral nutrients,411
prepared beans,230
sheep,784
raw cashews,165
carnauba leaf wax,114
derived fruit,124
prevent sticking,153
grilled courgette,562
pepperoni pork,287
soybean tbhq freshness,107
contains percent,319
agave,398
dimethyl silicone,147
source calcium,257
source iron,202
milled flaxseed,127
vit,166
malt flavouring,514
yellow mustard,196
cultured grade milk,111
contains live active cultures including streptococcus thermophilus,144
grade lowfat milk,106
grade reduced fat milk,141
potassium sorbate protect flavor,221
anticake,257
natural pork casing,139
collagen casing,201
palm fruit,281
cultured low fat milk,116
olive oil blend,119
mono calcium phosphate,150
oil peppermint,159
fondant,193
yogurt cultures,491
extractives paprika,106
raw almonds,183
kosher gelatin,1009
citrus pectin,479
tangerine juice concentrate,143
cantaloupe,144
fd c yellow,530
toffee,153
blanches almonds,163
soda,582
dextrose monohydrate,139
glutinous rice,587
sweet dairy whey,143
natural cherry flavouring,148
wakame,175
disodium succinate,176
potas,113
squid,662
white sesame seeds,165
white sesame,193
napa cabbage,222
sea lettuce,153
yeast extract powder,390
tomato ketchup,125
maltose,490
glyceryl lacto esters fatty acids,183
trehalose,295
soup base,125
aloe vera gel,136
hydrogenated starch hydrolysate,218
sucrose fatty acid esters,115
attention,107
hydrogenated rapeseed cottonseed oil,110
spices including paprika,123
epinards en branches,166
tallow,165
maple flavor,113
lamb,335
natural enzyme additive,147
fried vegetable oil,176
refined coconut oil,193
turmeric extract color,264
annatto turmeric color,154
corn starch calcium sulfate added prevent caking,259
ferrous gluconate,125
added stabilize color,136
reduced,119
sweetcream buttermilk,375
haddock,163
hop extract,1074
spice mix,111
cracker meal,156
nori,195
weingeistessig,186
epaississant,123
gomme xanthane,145
chocolate fudge,105
fruit vegetable concentrates,312
rebiana,142
cultured pasteurized grade low fat milk,295
yam,102
choline chloride,262
roasted peanut,108
peach flavouring,125
cultured pasteurized grade lowfat milk,239
chocolatey coating,128
rehydrated onion,244
dried fruits,436
banana flavouring,189
degermed yellow cornmeal,103
fd c colors,289
sweet chocolate,113
leavening blend,213
high oleic sunflower,366
onion powder,203
pasteurized cultured skim milk,123
beef tallow,151
distilled cider vinegar,163
palm kernel fat,1347
soybean palm oil tbhq freshness,367
milk ingredients,353
modified palm palm kernel oils,133
paprika oleoresin color,134
pumpkin juice,181
meringue,173
non,122
free flowing,191
natural spice flavouring,316
gingerbread,119
spirulina powder,102
marinara sauce,136
lysozyme eggs,756
apple vinegar,568
vegetable flavor,110
lowfat yogurt,256
cultured pasteurized grade reduced fat milk,137
calcium acid pyrophosphate,101
anti caking blend,329
crackermeal,108
eggs,243
natural flavour,311
ingrédients,175
huile palme,153
sorbate potassium,137
contient,510
peut contenir,196
soja,121
chardonnay wine,125
white sugar,389
champagne,148
bourbon,252
whiskey,132
bicarbonate sodium,117
maltodextrin,617
allergens,408
oyster mushroom,335
pure vanilla,407
carnauba wax,111
lipolyzed butter oil,105
gelatin,119
chicoree soluble,147
lactis,120
cereals containing gluten,1378
ghee,179
arachides,141
allura red,138
mint leaf,131
peanuts,316
calcium propionate,111
reach children,156
aromatic caramel,448
baby lettuces,122
flax seed meal,116
cooked potato,249
pearl onion,183
sherry vinegar,425
lodized salt,184
soft cheese,258
sweet pickle relish,129
port,740
titanium dioxide,130
concentrated whey protein,305
ferric diphosphate,859
sodium selenate,304
fully hydrogenated vegetable fat,149
vegetable concentrate color,119
filtered carbonated water,213
almond oil,127
purple carrot juice concentrate,117
wheat glucose syrup,832
brewed tea,228
choline bitartrate,258
choline,290
c v,149
especias,129
substances laitieres modifiees,129
creme,177
enzyme microbienne,111
com,514
guarana seed extract,230
panax ginseng root extract,197
ca,158
brewed black tea,109
reg,105
mate,366
purified stevia leaf extract,133
natural citrus flavouring,383
citrus flavouring,409
nigari,618
chilies,148
bulgaricus,133
natural sheep casing,548
sweetened condensed semi skimmed milk,596
allergene,233
acido ascorbico,163
niacinamida,136
alergenos,104
aceite,144
lecitina soya,143
warning,211
aluminum free baking powder,165
vol,224
uk,145
tapioca starch,449
lovage,1257
ingredient,415
agave inulin,107
lemon balm,357
sucralosa,125
natural caffeine,113
min,598
max,348
curing salt,587
small white onions,308
llc,117
fd c,247
palm fractions,101
sweet sour sauce,163
tomato concentrate red ripe tomatoes,170
sharp cheddar cheese,171
linseed oil,252
lupin flour,381
lupin bean,1180
fancy molasses,121
dried molasses,143
cultured celery powder,264
modified cellulose gum,108
partially hydrogenated palm kernel cottonseed oils,109
palm vegetable oil,123
pork leg,214
wholemeal cereal,626
best end,248
carrier,100
pasteurized process cheese spread,114
brine,349
potassium sorbate sodium benzoate protect flavor,138
ue,263
couenne porc,1027
calcium carbonate,240
paracasei,165
palm stearin,170
apple fiber,386
bicarbonato sodio,161
almond milk,192
non dairy,140
sheeps casing,899
acerola powder,240
reduced fat mozzarella cheese,122
cheddar club cheese,149
veal,944
chicken breast fillet,246
ravioli,207
stuffed pasta,222
bovine,136
reduced fat cheddar cheese,157
chorizo,382
scrambled eggs,108
seasoning,164
black rice,135
concentrated carrot juice,750
natural spice extract,128
low moisture milk mozzarella,145
flax meal,172
boneless,280
natural basil flavouring,249
coco,150
barley grass,103
celtic sea salt,217
cajun seasoning,134
coconut nectar,213
pork collagen,1707
lingonberry,297
grain yellow corn flour,154
sugarcane fiber,135
liqueur,255
flaxseed meal,154
huile vegetale,216
wholemeal rye,461
storage,294
chocolate flavouring,154
turmeric coloring,115
pasteurised,152
imported,135
amidon mais modifie,162
peppercorns,173
espelette chili pepper,788
vegetable powders,141
lamb meat,122
leche desnatada en polvo reconstituida,101
cooked enriched macaroni product,162
hydrolysed milk protein,147
cooked white rice,184
eau sel,155
bulking agent,1198
incl,149
fruit puree,264
plano,166
azucares anadidos,273
acido citrico,611
gluten free oats,655
panthenol,208
electrolyte,112
usa,100
riboflavin,298
saumon cuit,104
marc champagne,127
pomace brandy,202
basil leaf,138
fresh basil,345
tuber aestivum vitt,116
wild garlic,245
fat soft cheese,120
trout,341
paprika extract,139
cheddar cheese blend,120
gmo free soy lecithin,293
albacore tuna,106
green asparagus,182
stabilized emulsified mono diglycerides,113
fresh milk,2330
liquid egg yolk,249
carrageen,103
d biotin,182
baby carrots,113
whipped cream,385
rye malt,176
färbendes karottenkonzentrat,104
orange blossom flavouring,143
eritorbato sodio,137
beef collagen casing,174
fresh yeast,329
popping corn,121
niacin,307
high oleic soybean,107
av,161
total fat,109
sirop mais,115
serving,238
total,239
ice,208
miel,131
beurre cacao,435
cow,201
grain quinoa,113
russet potatoes,142
ingredlents,119
cellulose gum,168
celeri branche,103
jus d oignon concentre,278
beef meat extract,179
cocoa bean chips,212
probiotic,148
palm fruit oil,558
yellowfin tuna,536
goat,245
egg derivatives,113
tea extract,450
fett,311
espana,134
sequestrant,339
pineapple puree,156
tri,165
mango kernel oil,175
non gmo expeller pressed canola oil,203
yellow corn masa,151
tamarind paste,124
exhausted vanilla pod,673
corn salad,295
lactobacillus lactis,220
lactobacillus plantarum,117
natural peach flavouring,226
natural pear flavouring,132
pear flavouring,160
brewer s yeast,935
porc,142
extrait celeri,111
bromelain,216
boeuf,128
sorbitols et glycerol,179
dairy cream,237
consist milk chocolate,106
conservante,187
antioxidante,189
alfalfa,158
amino acids,286
l carnitine,459
carnitine,655
vine ripened fresh tomatoes,107
mashed potato,661
white cane sugar,122
italian seasoning,107
crab extract,180
sulfiting agent,112
citral,142
glucuronolactone,251
concentrated strawberry puree,128
modified palm kernel oil,102
thiamine mononitrate vitamins,127
waxy corn,119
reduced fat mayonnaise,369
atlantic cod,259
caster sugar,132
tart cherries,101
sourdough starter,134
mixed tocopherols freshness,141
hazelnuts,171
teff flour,142
plantain,291
glucides,189
zucker,1341
sulfates,197
chewing gum base,105
creamed coconut,119
roquefort,124
aspic,268
oat base,154
alcohol denat,155
riboflavin vitamins,132
clementine,376
cooked ham,1315
beta,100
colorantes artificiales,226
skimmed cocoa powder,126
nl,142
trigo,126
sale,507
ingredienten,614
zutaten,1290
ingredienti,655
prebiotic fiber,180
emulgator,809
flavours,132
sweeteners,208
cornflower,203
octopus,136
sweet rice flour,288
hass avocado,165
beet sugar,467
nutrition facts,106
sambal,123
goose,134
mono y digliceridos,256
pack,138
feine milchschokolade,614
quince,335
boletus edulis,203
lemon fibre,149
oignon,124
sucre canne,124
tangerine,124
concentrated black carrot,183
vegetable margarine,894
acidity corrector,167
non dairy cocoa butter,111
non hydrogenated sunflower oil,272
rose wine,120
cooked green lentils,117
tomates semi sechees,522
eufs,172
carbohydrate,155
refrigerated,136
gt,173
net weight,195
lovage root,187
sonnenblumenol,333
grapeseed oil,116
coconutmilk,106
dough conditioner blend,160
natural processed alkali,104
xylanase,217
whiteleg shrimp,335
patagonian scallop,119
european anchovy,100
ground roasted coffee,272
carbonated mineral water,171
corinthian raisins,113
harissa,117
corn kernel,397
reconstituted lime juice,211
skinless chicken breast rib meat,112
bechamel sauce,254
sorrel,179
white asparagus,126
rapeseed vegetable oil,235
carbonated spring water,191
potassium sorbate added maintain freshness,384
pearl barley,121
barley groats,132
hydrogenated starch hydrolysates,148
walnut oil,194
galacto oligosaccharides,125
prebiotics,165
non hydrogenated vegetable fats,524
mono diglycerides citric acid,141
protect taste,175
naturliches aroma,254
l tryptophan,201
nucleotides,166
hierro,170
ajo,101
hemicellulase,160
cellulase,306
zinc citrate,221
se,405
extra virgin coconut oil,146
stone ground corn,138
mung bean sprout,393
dates,111
amandes,148
goma base,108
conservar en lugar fresco y seco,126
marron,564
almond paste,594
methylchloroisothiazolinone,100
glycol distearate,127
black cumin,175
natural thickener,118
cuttlefish,101
turkey skin,123
lote,292
poudre,294
seaweed extract,168
jus framboise base concentre,202
malted wheat flakes,185
remain,140
milk yogurt,147
wildflower honey,155
flower honey,587
peppermint leaf,100
carmine color,193
probiotics,138
products,179
soybean oil tbhq freshness,119
contains percent salt,145
cheese skim milk,120
especiarias,143
leite,102
dulse,192
palm soybean oils tbhq citric acid protect flavor,164
heart palm,148
stabilizer,165
grass fed beef,187
contains pure filtered water,119
blueberry juice concentrate,102
green olive,115
smoked sausage,187
soy base,568
sel marin,111
chopped hazelnuts,160
starter,110
emulsifiers,197
chair poisson,584
oignons rissoles,168
beef casing,103
natural enzymes,151
madeira,213
nettle,309
viande bovine hachee,138
grain popping corn,120
pork shoulder,334
eucalyptus oil,128
iodised sea salt,118
crisp brown rice,136
soy protein nuggets,157
sour cherry juice,157
sait,134
natural sweetener,361
shortening,173
non gmo popcorn,101
approx,106
frito lay,125
allergy information,101
almidon maiz,136
semi skimmed cow s milk,170
natural fruits flavouring,122
lot,378
branntweinessig,105
kurkuma,106
gewurze,401
rice flakes,178
lecithine,127
da consumarsi preferibilmente entro il,144
crepe,222
contains active yogurt cultures lactobacillus bulgaricus,103
rusk,187
curcuma,146
fruit concentrate,174
ingredients bold,150
grape sugar,1467
raw kombucha,145
whey permeate powder,122
spiny lobster,171
acacia honey,221
mineral salts,216
et,142
vermouth,162
mineral salt,410
nib sugar,161
non hydrogenated vegetable oils,450
colorantes,112
chocolat au lait,115
cod roe,122
roe,130
bleuets,174
fresh pasta,173
puree fruits,441
linden,231
sources,108
dog rose,172
flavour,172
nutrition,134
sorbato potasio,137
typical values,102
concentrates,121
pork protein,282
lemonade,141
ra,162
sodium fluoride,256
fluoride,224
maltose syrup,143
buckwheat grain,128
hydrogenated tallow,123
flavourings,289
pizza dough,180
colourant,103
gomme guar,134
cultured grade non fat milk,330
milk minerals,1280
elderflower,302
use,130
morels,193
camembert,135
cocoa mass,346
lait entier en poudre,107
pasteurise,631
citrique,121
saveur,102
toasted rice cereal,104
gelatina,125
coton,115
alergicos,283
sushi vinegar,159
bicarbonato amonio,103
org,200
contient des sucres naturellement presents,187
whey product,1189
produit,176
nuts,155
concentre carotte,902
blend honeys,149
sal,239
grain spelt flakes,130
d glucuronolactone,119
weissmehl,252
rehydrated chickpeas,128
dried chickpea,195
manganese gluconate,229
spice bell pepper,2701
venison,128
game animal,165
deer,151
orange leaves,125
gras,206
precooked pasta,174
microbial,183
fruits preparation,391
flavouring preparation,447
sushi rice,125
palma,173
mackerel fillet,529
snail,114
milkcap,100
hazelnut oil,444
pure apple juice,118
melted cheese,854
l glutamine,259
l carnitine l tartrate,196
tiamina,145
jarabe glucosa,172
natural apricot flavouring,151
emulsionante,337
extra fine green beans,194
rice semolina,677
long grain basmati rice,115
sugar beet syrup,152
milk mineral concentrate,843
plantes aromatiques deshydratees,119
milk protein,104
latte,114
lecithine soya,104
grape seed,139
estabilizantes,140
contiennent lait,109
speisesalz,506
fruit plant concentrates,282
expeller pressed high oleic safflower sunflower oil,122
animal enzymes rennet,102
fruits coque,183
certified gluten free oats,102
acidulante,214
vanilla sugar,129
bi,288
noisettes entieres,249
hemp protein,136
skimmed milk yogurt powder,134
joghurtpulver,288
lecitina soja,162
fibre carotte,245
alaskan pollock fillet,394
concentrated mushroom juice,100
kirsch,314
duck leg,116
tomato cubes,252
kakaobutter,345
magermilchpulver,194
backtriebmittel,174
suiker,434
milch,246
raising agents,171
free range chicken egg yolk,212
graisse porc,213
durum wheat semolina pasta,116
natural antioxidant,156
tara,112
rainbow trout,258
whisky,239
modifizierte starke,196
knoblauch,186
aroma,953
sodium hydroxide,164
informacion nutricional,114
camellia sinensis,144
liver,132
sol,167
persil,104
celery leaves,143
speculoos,143
ethylvanillin,110
pp,204
shorea robusta seed oil,121
hühnerei trockeneiweiß,286
jus raisin rouge,111
parsley root,157
rock salt,339
suisse,159
neapolitan wafer,249
amidon mais,219
composition,101
baked onion,524
tr,303
sirope glucosa maiz,238
haricots blancs rehydrates,133
concentrated celery juice,121
yogourt,230
jus fruits base concentres,856
chapelure ble,475
natural cocoa flavouring,235
ceufs,112
maltodextrine ble,230
lait et creme pasteurises,247
proteines petit lait,208
jus legumes concentres,114
sastojci,197
vegetables variable proportion,144
dye,226
flageolets,350
lean cocoa powder,128
al,126
bourbon vanilla natural flavouring,232
fond,162
welsh onion,227
maisstarke,129
farbstoff,191
kakao,143
fein zerkleinert,102
lait ecreme en poudre reconstitue,138
browning,391
extrait legumes,270
shea,195
concentrated whey,137
puree tomates reconstituee,305
betterave rouge deshydratee,235
mutton,195
meersalz,213
varietal,405
ingredienser,487
sestavine,174
natural blackcurrant flavouring,188
verbena,306
manteca cacao,155
natural tarragon flavouring,106
edulcorante,110
nao contem gluten,195
liquorice root extract,109
mountain spring water,104
omelette,109
str,120
sciroppo di glucosio,115
burro di cacao,102
aromi,209
glukosesirup,317
aromen,235
uberzugsmittel,106
kakaomasse,322
glucosestroop,137
cukr,131
cukor,148
kj,166
palm vegetable oils,116
annatto norbixin,152
roasted nibbed hazelnuts,129
grey salt,115
acucar,439
millet flakes,137
lithothamnium calcareum,279
emu,133
natural hot pepper flavouring,103
palmol,131
malted rye flakes,101
provitamin,200
carottes deshydratees,143
gemüsepulver,101
suola,107
thunnus alalunga,100
joghurterzeugnis,154
concentrated plant colour,194
citroenzuur,171
davon zucker,103
kohlenhydrate,138
boyau naturel porc,1423
aro,142
coconut sodium metabisulfite,211
apricots sulfur dioxide,126
invertase,100
extruded cereals,109
puffed cereal,149
sauerungsmittel,331
dyes,106
plant derived,101
ingrediente,381
safflower sunflower canola oil,139
nitrite curing salt,528
ferments d affinage,771
gurken,482
mout raisin cuit,317
jus carotte noire concentre,353
zloenie,103
sheep milk,177
dehydrated sourdough,172
decor au cacao maigre,105
pure cocoa butter,109
fishpowder,217
chilli,107
zwiebeln,169
saureregulator,224
ui,111
vatten,135
socker,196
pulpe,149
conseils d utilisation,152
atlantic herring,218
lovage leaves,115
mirabelle plum,263
farina di frumento,119
sifted tomato,482
maca,125
stabilisator johannisbrotkernmehl,183
z mleka,359
seitan,153
rehydrated egg white,213
european hake,166
estabilizante,118
flocons d epeautre,182
traces eventuelles,208
exhausted ground vanilla pod,407
nr,135
producto,100
fleur sel guerande,359
cold pressed sunflower oil,117
quark,687
citron confit,211
ascorbinsaure,130
table vinegar,469
sonnen,100
kochsalz,121
sel cuisine,113
sang porc,157
veal meat,593
lait frais entier pasteurise,154
würze,218
filet cabillaud,127
lodised salt,165
emulgente,161
aromatiques,125
putenfleisch,197
beech wood smoke,1270
proteines lait en poudre,100
farine ble francaise,117
unrefined sea salt,753
verdickungsmittel,243
guarkernmehl,108
pasteurisiert,210
antioxidationsmittel,225
citronensaure,277
oeuf entier pasteurise,264
bifidobacterias y otros fermentos lacticos,210
en moyenne,103
bifidus actiregularis,215
mild yogurt,679
non ouvert,183
ammoniumcarbonate,212
tous les ingredients agricoles sont issus la production,106
elabore partir lait,173
informations,297
preparation,226
ei,121
calf fat,169
veal fond,145
schweinefleisch,123
konservierungsstoff,174
getreideflocken,254
raisins sultanines,136
lactic aging ferments,683
apa,215
natriumphosphate,218
apres ouverture,158
precooked potato,117
sussungsmittel,109
mindestens haltbar bis,227
homogeneise,165
soluble vegetable fiber,137
riesling,135
qualite sans arete,115
viande et gras porc,433
red kuri squash,188
lardon,894
aromas,199
sukker,173
origen,103
finegrained salt,289
maigre et gras porc,326
sheep s milk cheese,131
smoked lardoons,659
muscadet,134
colorant la croute,312
melted emmental cheese,148
la mise en oeuvre,465
fresh butter,494
filets poulet,349
sheeps fat,111
emulsifiant lecithine tournesol,132
lait cru brebis,101
italia,134
manchons poulet,126
levain ble devitalise,106
eau vie,156
lean pork,181
reblochon,144
aroma vanillin,347
lin jaune,149
des ingredients,223
levain seigle devitalise,195
avant ouverture,127
sirop candi,289
natürliches kaffee aroma,224
blutorangensaft,130
reconstituted butter,102
sirop sucre inverti cristallise,113
voedingszuur,156
pate pistache,143
exhausted vanilla seeds,235
elemental iron,197
genoise,119
uht cream,170
salted butter caramel,263
inedible crust,139
compote pommes,172
brisures crepe dentelle,185
norbixine rocou,130
totally hydrogenated palm fat,118
nuoc mam,277
certains ingredients ce produit ne proviennent pas,117
natural pepper flavouring,1356
churned butter,114
aiguillettes poulet,148
salt camargue,140
plasma porc,526
superior quality durum wheat semolina,1887
barde porc,200
natursauerteig,262
pate cacao beurre cacao,145
raw ham,284
conservare luogo fresco e asciutto,136
farine d orge malte toaste,241
charbon medicinal,119
starke,186
amandes decortiquees,245
saucisses toulouse,248
ail et fines herbes,100
kleurstof,130
merguez,125
lait entier en poudre reconstitue,186
uht pasteurised milk,265
sterilised milk,294
creme fraiche liquide,261
gras et couenne porc,155
lean duck liver,137
superior cooked ham,425
norway lobster,159
poultry liver,272
traces,152
pourcentage matieres grasses inferieur,114
rapport collagene sur proteines viande inferieur,127
chestnut flour,175
fumet poisson,414
natural thyme flavouring,126
red port,109
golden chanterelle,210
au,114
di triphosphates,180
ferments maturation,107
rabbit meat,162
rabbit,246
creme riz,208
powdered chicken egg,123
sojalecithine,108
farine graines caroube et farine graines guar,259
deodorized sunflower oil,380
krauter,116
lait demi ecreme uht,295
blonde cane sugar,663
powdered condiment,385
d elevage en plein air,249
sesame complet,113
d elevage au sol,648
jambon porc frais,382
cooking broth,121
salade composee,149
hähnchenfleisch,286
lait ecreme caille,103
sultaninen,255
poulet traite en salaison,409
pommes terre prefrites,218
shortcrust dough,101
demineralised whey,215
aubergine prefrite,231
highly fat reduced cocoa,143
brewing water,187
rapsol,284
rehydrated soy protein,311
dehydrated soy protein,344
slippery jack,171
prepared sauce,143
voda,267
cooking water,732
semoule ble dur precuite,123
saborizante identico al natural,129
salz unjodiert,154
farinha trigo,134
jus clementine,138
kokos,112
lentilles blondes,112
arome identique nature,147
pulver,218
enthalten,117
camargue rice,133
arome malt d orge,116
extract chicory,108
emulgatoren,137
conserveermiddel,117
haselnusse,107
condimente,192
vollmilchpulver,182
sesam,119
preparation d epices,162
edulcorantes,193
farinha trigo enriquecida com ferro e acido folico,158
contem lactose,105
concentrated agave syrup,376
trocken lagern,114
mandeln,139
crudites,101
acidificante,129
sokeri,105
carbonated natural mineral water,244
sahnepulver,267
raw salmon,105
grapefruit natural flavouring,144
infusion,105
additifs alimentaires,236
reismehl,121
maltodekstrin,128
kuhinjska,162
viande poulet traitee en salaison,156
arome naturel moutarde,102
tomates pelees concassees au jus,185
ble dur precuit concasse,103
selected ferments,183
non ue,139
extrait poisson,177
puree et puree concentree,187
concentrated puree,259
modified cornflour,118
turnip rape,172
semi skimmed milk powder,136
volvic natural mineral water,105
antioxidantes,155
sojalecithin,123
goose fat,157
lait frais pasteurise,154
contains vegetable fats addition cocoa butter,179
margarin,101
cafe moulu pur arabica,152
chicken protein,358
anchovy filets,149
qs ware,122
chicken egg yolk powder,104
chicken egg yolk,298
pulpe fruits,149
round rice,174
controlee,106
wheat cakes,119
du total des ingredients,103
arome naturel vanille madagascar,128
arome naturel muscade,164
panade,102
honey france,131
aroma koffein,189
chick egg white protein,299
chicken egg white,378
si necessaire pour reguler l acidite,247
eau minerale naturelle gazeifiee,183
wholemeal rye groats,155
konzentrat,131
jus cuisson viande boeuf,101
salt noirmoutier,129
amandes caramelisees,114
mindestens,170
extrait naturel poivre,106
flocons pomme terre rehydrates,101
mittel,191
jambon cuit standard,390
melted cheddar,147
curly endive,358
schnittfester mozzarella,196
mais doux en grains,200
cultivo,113
viande porc traitee en salaison,153
pieces tete porc,121
selected lactic ferments,196
sare,114
natural paprika flavor,145
viande cuisse poulet,109
lait et creme,101
homogenisiert,184
melons confits,140
sweetmint,176
filets sardines,128
vermicelle pois rehydrate,130
vermicelle pois,166
rypsiöljy,221
oligofructose syrup,137
liquide,180
lait ecreme base poudre lait,300
champignon noir rehydrate,159
aromatizantes,117
palmowy,144
m g,102
galette,154
jaune d oeuf sale,171
grenache,113
smoked cooked lardoons,232
en proporcion variable,126
kaliumcarbonate,102
emmental france,145
lactose et mineraux du lait,187
crevettes decortiquees,153
procedente,117
inosit,114
maize thickener,105
sucres extraits fruits,104
amidons modifies mais et pomme terre,106
lean stern,165
käsereimilch,137
green flageolets,220
fresh organic pasteurised semi skimmed milk,109
lentilles rehydratees,121
oeufs frais poules elevees en plein air,119
olives vertes denoyautees,151
maracujasaft aus maracujasaftkonzentrat,101
blood proteins,106
lökpulver,125
jambon cuit choix,179
jodiertes nitritpökelsalz,133
melted powdered cheese,131
z soi,151
morceaux foie gras canard,155
tomates semi sechees marinees,132
aus landwirtschaft,157
fruit preservative,232
arome naturel celeri,133
petits pois doux,101
prunes agen,155
milled roasted peanuts,114
foie gras canard du sud ouest,343
eclats caramel,178
sauternes,125
carbonat acid sodi difosfat disodi,178
viande bovine halal,106
haricots verts coupes,113
bitartrate potassium,123
extra fine garden peas,103
preparado fruta,117
oeufs extra frais,102
poulet roti traite en salaison,106
